Workbook
Name ☞_기능점수__산정방법_선택: 상세기능!#REF!
Name 기능점수방법선택: 상세기능!#REF!
Name FP방법선택: 상세기능!#REF!

Sheet 최종견적
B3: ○ 개발비 견적 | L3: (단위 : 원)
B4: 구분 | K4: 금액
B5: 기능견적 (개발, 부가세 별도) | K5: =상세비용!K8+상세비용!K9
B6: 직접비 (인건비 등) | K6: =상세비용!K19
B7: 최종 견적 금액 (부가세 별도) | K7: =SUM(K5:L6)
B8: 할인율 (AI 적용 및 기타 협의에 의한 할인) | K8: 0
B9: 최종 견적 금액 (부가세 포함, 천만원 이하 절삭) | K9: =_xlfn.FLOOR.MATH(K7-(K7*K8),1000000)
B11: ○ 최종 견적 | L11: (단위 : 원)
B12: 구분 | K12: 금액
B13: 개발비 | K13: =K9
B15: 최종 견적 금액 (부가세 별도) | K15: =K13+K14
B16: 부가세 (10%) | K16: =K15*0.1
B17: 최종 견적 금액 (부가세 포함) | K17: =K15+K16

Sheet 상세기능
B1: 기능점수 산정 (간이법)
B3: 기능명 | F3: 데이터 및 트랜잭션 기능 | G3: FP 산출 | H3: 비고
B4: ①어플리케이션명 | C4: ②세부 업무명 | D4: ③단위프로세스명 | E4: 단위프로세스 설명 | F4: ④FP유형 | G4: ⑤가중치

Sheet 상세비용
B1: "○○○ 사업" 소프트웨어 개발비 산정
L2: (소프트웨어사업 대가산정 가이드, 2024. KOSA)
B4: ○ 개발원가 산정 | L4: (단위 : 원)
B5: 총기능점수 | D5: 기능점수당 단가 | F5: 보정계수 | K5: 개발원가
F6: 규모 | G6: 연계복잡성 | H6: 성능 | I6: 운영환경 | J6: 보안성
B7: =J32 | D7: 605784 | F7: =K23 | G7: =K24 | H7: =K25 | I7: =K26 | J7: =K27 | K7: =PRODUCT(B7:J7)
B8: 합계(보정 후 개발원가) | K8: =SUM(K7:L7)
B9: 이윤 | J9: 0.1 | K9: =K8*J9
B10: 직접경비 | K10: =K19
B11: 소프트웨어 개발비(부가세 별도) | K11: =SUM(K8:L10)
B13: ○ 직접경비 | L13: (단위 : 원)
B14: 구분 | D14: 산출내역 | K14: 금액
B19: 합 계 | K19: =SUM(K15:L16)
B21: ○ 보정계수 산정
B22: 보정계수 구분 | D22: 복잡도 및 난이도 수준 | K22: 보정계수
B23: SW규모 | D23: ="= 0.4057 x (log e("&B7&") - 7.1978)^2 + 0.8878 (단, 500FP 미만 1.28, 3,000FP 초과 1.153 적용)" | K23: =IF(B7<500,1.28,IF(B7>3000,1.153,0.4057*(LN(B7)-7.1978)^2+0.8878))
B24: 연계복잡성 | D24: 2. 1~2개의 타 기관 연계 | K24: =VLOOKUP(D24,'(참조)보정계수'!D9:E13,2,1)
B25: 성능 요구수준 | D25: 2. 응답성능에 대한 요구사항이 있으나 특별한 조치가 필요하지는 않다. | K25: =VLOOKUP(D25,'(참조)보정계수'!D14:E18,2,1)
B26: 운영환경 호환성 | D26: 2. 운영환경 호환성에 대한 요구사항이 있으며, 동일 하드웨어 및 소프트웨어 환경에서 운영되도록 설계된다. | K26: =VLOOKUP(D26,'(참조)보정계수'!D19:E23,2,1)
B27: 보안성 요구수준 | D27: 2. 2가지 요구사항이 포함되어 있다. | K27: =VLOOKUP(D27,'(참조)보정계수'!D24:E28,2,1)
B29: ○ FP 집계
B30: 구분 | E30: ILF | F30: EIF | G30: EI | H30: EO | I30: EQ | J30: 계
B31: 기능수 | E31: =COUNTIF(상세기능!$F$5:$F$500,"ILF") | F31: =COUNTIF(상세기능!$F$5:$F$500,"EIF") | G31: =COUNTIF(상세기능!$F$5:$F$500,"EI") | H31: =COUNTIF(상세기능!$F$5:$F$500,"EO") | I31: =COUNTIF(상세기능!$F$5:$F$500,"EQ") | J31: =SUM(E31:I31)
B32: 기능점수 | E32: =SUMIF(상세기능!$F$5:$F$500,"ILF",상세기능!$G$5:$G$500) | F32: =SUMIF(상세기능!$F$5:$F$500,"EIF",상세기능!$G$5:$G$500) | G32: =SUMIF(상세기능!$F$5:$F$500,"EI",상세기능!$G$5:$G$500) | H32: =SUMIF(상세기능!$F$5:$F$500,"EO",상세기능!$G$5:$G$500) | I32: =SUMIF(상세기능!$F$5:$F$500,"EQ",상세기능!$G$5:$G$500) | J32: =SUM(E32:I32)
B33: 비중 | E33: =IF($J$32>0,E32/$J$32,"-") | F33: =IF($J$32>0,F32/$J$32,"-") | G33: =IF($J$32>0,G32/$J$32,"-") | H33: =IF($J$32>0,H32/$J$32,"-") | I33: =IF($J$32>0,I32/$J$32,"-") | J33: =SUM(E33:I33)
B36: ○ 실비 (Pass-through, 할인 미적용) | L36: (단위 : 원)
B37: 구분 | D37: 산출내역 | K37: 금액
B40: 실비 합계 | K40: =SUM(K38:K39)

Sheet (참조)보정계수
B1: - "OOO 사업" 소프트웨어 개발비 산정 - FP방식(간이법)
B3: ○ 규모 보정계수
B4: 구분 | D4: 산정방법
B5: SW규모 | D5: = 0.4057 x (log e(기능점수) - 7.1978)^2 + 0.8878 (단, 500FP 미만 1.28, 3,000FP 초과 1.153 적용)
B7: ○ 애플리케이션 복잡도 보정계수
B8: 구분 | D8: 복잡도 및 난이도 수준 | E8: 보정계수
B9: 연계복잡성 | D9: 1. 타 기관 연계 없음 | E9: 0.88
D10: 2. 1~2개의 타 기관 연계 | E10: 0.94
D11: 3. 3~5개의 타 기관 연계 | E11: 1
D12: 4. 6~10개의 타 기관 연계 | E12: 1.06
D13: 5. 10개 초과의 타 기관 연계 | E13: 1.12
B14: 성능 요구수준 | D14: 1. 응답성능에 대한 특별한 요구사항이 없다. | E14: 0.91
D15: 2. 응답성능에 대한 요구사항이 있으나 특별한 조치가 필요하지는 않다. | E15: 0.95
D16: 3. 응답시간이나 처리율이 피크타임(peak time)에 중요하며, 처리 시한이 명시되어 있다. | E16: 1
D17: 4. 응답시간이나 처리율이 모든 업무시간에 중요하며, 처리 시한이 명시되어 있다. | E17: 1.05
D18: 5. 응답성능 요구수준이 엄격하여, 설계, 개발 또는 구현 단계에서 성능 분석도구 사용이 필요하다. | E18: 1.09
B19: 운영환경 호환성 | D19: 1. 운영환경 호환성에 대한 요구사항이 없다. | E19: 0.94
D20: 2. 운영환경 호환성에 대한 요구사항이 있으며, 동일 하드웨어 및 소프트웨어 환경에서 운영되도록 설계된다. | E20: 1
D21: 3. 운영환경 호환성에 대한 요구사항이 있으며, 유사 하드웨어 및 소프트웨어 환경에서 운영되도록 설계된다. | E21: 1.06
D22: 4. 운영환경 호환성에 대한 요구사항이 있으며, 이질적인 하드웨어 및 소프트웨어 환경에서 운영되도록 설계된다. | E22: 1.13
D23: 5. 항목 4에 더하여 일반적 산출물 이외에 장소에서 원활한 운영을 보장하기 위한 운영 절차의 문서화와 사전 모의훈련이 요구된다. | E23: 1.19
B24: 보안성 요구수준 | D24: 1. 암호화, 웹취약점 점검, 시큐어코딩, 개인정보보호 등 1가지 보안 요구사항이 포함되어 있다. | E24: 0.97
D25: 2. 2가지 요구사항이 포함되어 있다. | E25: 1
D26: 3. 3가지 요구사항이 포함되어 있다. | E26: 1.03
D27: 4. 4가지 항목이 모두 포함되어 있다. | E27: 1.06
D28: 5. 5가지 이상의 보안 요구사항이 포함되어 있다. | E28: 1.08
